{"cameraMode":{"drawMode":0,"name":"Shaded","section":"Shading Mode"},"sceneLighting":true,"audioPlay":false,"sceneViewState":{"m_AlwaysRefresh":false,"showFog":true,"showSkybox":true,"showFlares":true,"showImageEffects":true,"showParticleSystems":true,"showVisualEffectGraphs":true,"m_FxEnabled":true},"in2DMode":false,"pivot":{"x":-14.963900566101075,"y":8.380242347717286,"z":8.10663890838623},"rotation":{"x":-0.044831279665231708,"y":0.887535810470581,"z":-0.08843179047107697,"w":-0.44994401931762698},"size":0.04596257209777832,"orthographic":false}