{"cameraMode":{"drawMode":0,"name":"Shaded","section":"Shading Mode"},"sceneLighting":true,"audioPlay":false,"sceneViewState":{"showFog":true,"showMaterialUpdate":true,"showSkybox":true,"showFlares":true,"showImageEffects":true,"showParticleSystems":true},"in2DMode":false,"pivot":{"x":-36.416297912597659,"y":4.242276668548584,"z":8.905134201049805},"rotation":{"x":-0.030524615198373796,"y":0.2809862196445465,"z":-0.00894301850348711,"w":-0.9591845870018005},"size":27.530790328979493,"orthographic":false}