{"cameraMode":{"drawMode":0,"name":"Shaded","section":"Shading Mode"},"sceneLighting":false,"audioPlay":false,"sceneViewState":{"showFog":true,"showMaterialUpdate":true,"showSkybox":false,"showFlares":true,"showImageEffects":true,"showParticleSystems":true},"in2DMode":false,"pivot":{"x":1.1920928955078126e-7,"y":0.4819600582122803,"z":-0.036714330315589908},"rotation":{"x":-0.37090733647346499,"y":-0.5611426830291748,"z":0.3097030818462372,"w":-0.672034740447998},"size":1.8633465766906739,"orthographic":false}